{"inputUnits":[34],"outputUnits":3,"inputs":{"0":{"dtype":"number","min":339.1844978777815,"max":417.5875474506779},"1":{"dtype":"number","min":165.58664047300584,"max":207.62358550431662},"2":{"dtype":"number","min":353.9455238668835,"max":431.11247199982523},"3":{"dtype":"number","min":151.1929754709919,"max":192.64285076453064},"4":{"dtype":"number","min":318.3314533085211,"max":409.09739334759547},"5":{"dtype":"number","min":153.3021337605636,"max":192.33479718753802},"6":{"dtype":"number","min":378.1901900592017,"max":438.1834504019889},"7":{"dtype":"number","min":162.07970259254546,"max":202.68280058983237},"8":{"dtype":"number","min":292.2526544355697,"max":370.4840550997842},"9":{"dtype":"number","min":156.5802660990318,"max":204.8240869425614},"10":{"dtype":"number","min":402.51414970665127,"max":462.412248307165},"11":{"dtype":"number","min":246.27007807275203,"max":285.03326297270183},"12":{"dtype":"number","min":280.9080082340463,"max":326.31257053479146},"13":{"dtype":"number","min":250.8169852527663,"max":293.8412784324082},"14":{"dtype":"number","min":447.7515319349237,"max":560.2150147434338},"15":{"dtype":"number","min":296.8941334527754,"max":426.01731830997693},"16":{"dtype":"number","min":181.18405709470755,"max":287.4520333731685},"17":{"dtype":"number","min":287.1289703725377,"max":400.772131537649},"18":{"dtype":"number","min":359.3323308299024,"max":541.1898067489209},"19":{"dtype":"number","min":219.98704487247693,"max":552.9750417271476},"20":{"dtype":"number","min":101.88899533757903,"max":376.15448473028636},"21":{"dtype":"number","min":219.1105052190996,"max":504.99629989208415},"22":{"dtype":"number","min":384.4476247112111,"max":441.7116395230423},"23":{"dtype":"number","min":445.6996261656052,"max":533.7638219692363},"24":{"dtype":"number","min":283.74483368276157,"max":332.7347775470422},"25":{"dtype":"number","min":441.74073482765766,"max":531.2776581879256},"26":{"dtype":"number","min":362.02198726193916,"max":434.54102453090803},"27":{"dtype":"number","min":519.025505154977,"max":584.002830416312},"28":{"dtype":"number","min":262.54757417315176,"max":344.9843576631657},"29":{"dtype":"number","min":507.1361912827548,"max":577.6264235203369},"30":{"dtype":"number","min":359.615913123936,"max":442.9095411486199},"31":{"dtype":"number","min":517.3252110908004,"max":561.7038017302635},"32":{"dtype":"number","min":275.8140810361632,"max":351.95729237122293},"33":{"dtype":"number","min":519.9193908453915,"max":565.5996543795218}},"outputs":{"0":{"dtype":"number","min":0,"max":255},"1":{"dtype":"number","min":0,"max":201},"2":{"dtype":"number","min":0,"max":255}},"isNormalized":true}